time,ax,ay,az,latitude,longitude,speed
2026-04-22T05:25:25.048Z,-0.38,0.2201,0.2094,3.2537116547636016,101.72965695226532,1.0762
2026-04-22T05:25:25.680Z,-0.1935,-0.2464,-0.0878,3.2537116547636016,101.72965695226532,1.0762
2026-04-22T05:25:26.307Z,-0.0794,0.0807,-0.7367,3.25370816979534,101.72965671950392,1.0762
2026-04-22T05:25:26.936Z,0.0692,-0.5027,-0.0294,3.25370816979534,101.72965671950392,1.0762
2026-04-22T05:25:27.565Z,-0.2118,-0.2336,-1.0082,3.2537164861002776,101.72965268642103,1.0762
2026-04-22T05:25:28.205Z,0.4895,-0.1432,0.2858,3.253727128969456,101.72964619038277,1.0252
2026-04-22T05:25:28.835Z,0.2996,-0.1976,-0.3017,3.253727128969456,101.72964619038277,1.0252
2026-04-22T05:25:29.464Z,-0.0074,-0.1657,-0.0052,3.253734025287535,101.72964103505308,1.0973
2026-04-22T05:25:30.097Z,-0.0051,0.0369,-0.3274,3.253737669495398,101.72963738279958,0.9934
2026-04-22T05:25:30.725Z,-0.0341,-0.3693,-0.5828,3.253737669495398,101.72963738279958,0.9934
2026-04-22T05:25:31.365Z,-0.032,-0.7682,-0.2755,3.253746522629047,101.7296368956281,0.9934
2026-04-22T05:25:31.993Z,0.2036,-0.2462,0.1551,3.253746522629047,101.7296368956281,0.9934
2026-04-22T05:25:32.624Z,0.1833,0.4183,0.1511,3.253751673046843,101.72963427085128,0.9934
2026-04-22T05:25:33.254Z,0.1706,-0.1824,0.9816,3.253753839584348,101.72962957535994,0.9934
2026-04-22T05:25:33.883Z,0.0379,-0.1447,-0.0107,3.253753839584348,101.72962957535994,0.9934
2026-04-22T05:25:34.523Z,0.1182,-0.0932,-0.5311,3.2537529514203016,101.72962701025634,0.7405
2026-04-22T05:25:35.153Z,0.3985,-0.3665,-0.0794,3.2537492684752856,101.72962776665636,0.6495
2026-04-22T05:25:35.785Z,1.2382,0.8009,1.3725,3.2537492684752856,101.72962776665636,0.6495
2026-04-22T05:25:36.412Z,0.362,-0.8954,-0.0837,3.253740292871735,101.72962810052525,0.4108
2026-04-22T05:25:37.042Z,0.055,-0.3818,0.1894,3.253740292871735,101.72962810052525,0.4108
2026-04-22T05:25:37.684Z,0.1507,0.935,0.9666,3.253736145727256,101.72962481558208,0.5854
2026-04-22T05:25:38.311Z,-0.0013,0.1338,0.373,3.253728525951972,101.7296246287017,0.4108
2026-04-22T05:25:38.942Z,0.1147,-3.1578,-3.4071,3.253728525951972,101.7296246287017,0.4108
2026-04-22T05:25:39.571Z,-0.761,0.5495,0.1308,3.253712621714913,101.7296245161104,0.1344
2026-04-22T05:25:40.210Z,0.8063,0.529,-0.5287,3.2536964516594624,101.72962586799363,0.2044
2026-04-22T05:25:40.842Z,-0.4011,0.0861,0.1067,3.2536964516594624,101.72962586799363,0.2044
2026-04-22T05:25:41.472Z,0.3562,0.1555,-0.2164,3.253683912721832,101.72962769436884,0.2118
2026-04-22T05:25:42.102Z,0.3327,-0.3032,0.2351,3.253681062871382,101.72963262598245,0.0895
2026-04-22T05:25:42.730Z,-0.1102,-0.0582,0.136,3.253681062871382,101.72963262598245,0.0895
2026-04-22T05:25:43.371Z,0.0747,-0.0558,-0.2245,3.2537527402534927,101.72962191005396,0.5579
2026-04-22T05:25:44.000Z,0.1746,-0.1362,-0.2351,3.2537527402534927,101.72962191005396,0.5579
2026-04-22T05:25:44.630Z,-0.0056,-0.003,-0.0278,3.253746294545706,101.72962337922002,0.1788
2026-04-22T05:25:45.259Z,0.5228,0.8845,0.1644,3.253742305971393,101.72962080736704,0.2221
2026-04-22T05:25:45.891Z,-0.3473,0.2091,-0.6542,3.253742305971393,101.72962080736704,0.2221
2026-04-22T05:25:46.530Z,0.4714,-1.0446,-0.7208,3.253739976644757,101.72961672003774,0.1181
2026-04-22T05:25:47.160Z,-0.454,-0.2279,-0.5959,3.2537394093671748,101.72961555024034,0.1611
2026-04-22T05:25:47.790Z,-0.2225,-0.9247,0.1739,3.2537394093671748,101.72961555024034,0.1611
2026-04-22T05:25:48.419Z,-0.5881,-0.6953,-0.3731,3.2537485259778163,101.72961725176178,0.607
2026-04-22T05:25:49.050Z,0.8466,-0.6663,-1.2746,3.2537485259778163,101.72961725176178,0.607
2026-04-22T05:25:49.690Z,0.702,-0.87,0.3146,3.2537538516973044,101.72961100343304,0.7301
2026-04-22T05:25:50.320Z,1.2398,-1.085,0.3295,3.2537594483944274,101.72960940513347,0.8318
2026-04-22T05:25:50.949Z,-0.5843,-1.0407,1.4293,3.2537594483944274,101.72960940513347,0.8318
2026-04-22T05:25:51.580Z,-0.87,-0.3819,1.9866,3.2537610324367505,101.72961429309908,0.7199
2026-04-22T05:25:52.208Z,-0.2306,0.0327,1.5125,3.253763849116488,101.72961839237004,0.7754
2026-04-22T05:25:52.849Z,-0.0755,0.3247,1.168,3.253763849116488,101.72961839237004,0.7754
2026-04-22T05:25:53.478Z,0.4675,0.1109,0.438,3.2537612996538474,101.72961941793928,0.6601
2026-04-22T05:25:54.108Z,-0.0825,0.5831,0.6883,3.253759374599745,101.72962028040698,0.8321
2026-04-22T05:25:54.739Z,0.102,1.1103,0.5324,3.253759374599745,101.72962028040698,0.8321
2026-04-22T05:25:55.378Z,0.055,0.4764,0.3942,3.2537636193922905,101.72961956945989,0.8267
2026-04-22T05:25:56.008Z,0.7815,0.8783,0.1538,3.2537636193922905,101.72961956945989,0.8267
2026-04-22T05:25:56.639Z,0.5155,1.1286,0.3622,3.2537593799735585,101.7296201284452,0.651
2026-04-22T05:25:57.270Z,0.4649,0.9813,0.4834,3.253758398997216,101.72962186215908,0.9435
2026-04-22T05:25:57.899Z,0.1436,0.6858,0.3218,3.253758398997216,101.72962186215908,0.9435
2026-04-22T05:25:58.539Z,0.1955,0.9644,-0.3568,3.2537232467371537,101.7296322918857,0.749
2026-04-22T05:25:59.169Z,0.0178,0.5445,0.9138,3.253727418454169,101.7296301458137,0.7977
2026-04-22T05:25:59.798Z,0.6896,0.2081,0.3244,3.253727418454169,101.7296301458137,0.7977
2026-04-22T05:26:00.430Z,-0.1366,0.7356,0.2529,3.2537305150671894,101.72962773223404,0.8533
2026-04-22T05:26:01.058Z,-0.0617,0.4509,-1.5681,3.2537305150671894,101.72962773223404,0.8533
2026-04-22T05:26:01.700Z,0.8263,0.126,1.1918,3.253723343989076,101.72962973235056,0.9682
2026-04-22T05:26:02.329Z,0.5163,-0.0103,1.3001,3.253722542572837,101.72963106670166,0.9412
2026-04-22T05:26:02.958Z,0.4557,-1.1207,1.8617,3.253722542572837,101.72963106670166,0.9412
2026-04-22T05:26:03.588Z,0.5233,-0.8773,2.093,3.2537243899234083,101.72962947234748,1.0318
2026-04-22T05:26:04.219Z,1.5891,0.3643,0.9701,3.253726797880613,101.72962929303716,1.0354
2026-04-22T05:26:04.858Z,-0.1608,-1.3641,2.4412,3.253726797880613,101.72962929303716,1.0354
2026-04-22T05:26:05.488Z,-0.6402,-0.5887,1.0898,3.2537304056182133,101.72963145378006,0.7796
2026-04-22T05:26:06.118Z,0.3841,-0.0887,0.8162,3.253736417737699,101.729633719107,0.9346
2026-04-22T05:26:06.748Z,-0.4035,-0.0533,1.3559,3.253736417737699,101.729633719107,0.9346
2026-04-22T05:26:07.378Z,-0.2331,-0.3541,0.4045,3.253741873243116,101.7296312532773,0.9233
2026-04-22T05:26:08.020Z,-1.196,-0.4552,0.4992,3.253741873243116,101.7296312532773,0.9233
2026-04-22T05:26:08.648Z,0.0356,0.0966,0.8705,3.253748755891643,101.72963199325244,0.9525
2026-04-22T05:26:09.278Z,-0.6739,0.0468,0.2364,3.25375574300136,101.72963194896596,0.8388
2026-04-22T05:26:09.908Z,0.0831,0.0374,-0.0306,3.25375574300136,101.72963194896596,0.8388
2026-04-22T05:26:10.548Z,-0.2398,-0.1137,1.1212,3.253763129151031,101.7296294819202,0.8595
2026-04-22T05:26:11.178Z,0.166,0.1015,1.2501,3.2537698886771804,101.72962681144097,0.8389
2026-04-22T05:26:11.807Z,0.6135,0.1026,1.7405,3.2537698886771804,101.72962681144097,0.8389
2026-04-22T05:26:12.441Z,0.8701,2.3291,2.1667,3.253777620736439,101.72962615904709,0.8171
2026-04-22T05:26:13.069Z,-0.4467,0.0313,-2.0034,3.253777620736439,101.72962615904709,0.8171
2026-04-22T05:26:13.708Z,0.677,-0.6481,-1.5422,3.2537852765380064,101.72962464463184,0.8478
2026-04-22T05:26:14.338Z,-1.1937,-0.3675,-1.106,3.253796560640676,101.72962395753903,1.0664
2026-04-22T05:26:14.969Z,-0.1792,-0.9877,-1.005,3.253796560640676,101.72962395753903,1.0664
2026-04-22T05:26:15.598Z,0.5656,-1.2687,0.9319,3.253802136739504,101.7296235331749,0.8318
2026-04-22T05:26:16.228Z,-0.4821,-0.3231,1.4398,3.2538106099177284,101.7296203137289,0.8693
2026-04-22T05:26:16.868Z,-0.2636,0.6186,1.4551,3.2538106099177284,101.7296203137289,0.8693
2026-04-22T05:26:17.499Z,-0.0945,0.8343,0.1832,3.253819025636067,101.72961969636532,0.7497
2026-04-22T05:26:18.129Z,0.3521,0.7657,-0.3325,3.253826080542885,101.72961619518684,0.8084
2026-04-22T05:26:18.758Z,-0.3232,0.5855,0.2917,3.253826080542885,101.72961619518684,0.8084
2026-04-22T05:26:19.388Z,0.1612,0.552,0.0874,3.253831167229185,101.72961158168316,0.7781
2026-04-22T05:26:20.028Z,-0.9232,0.3168,-1.2354,3.253831167229185,101.72961158168316,0.7781
2026-04-22T05:26:20.658Z,0.3258,-0.1008,-1.2089,3.2538402382989102,101.7296097188906,0.9763
2026-04-22T05:26:21.288Z,-0.1507,-0.6593,0.1621,3.2538444136877813,101.72960725932396,0.7071
2026-04-22T05:26:21.918Z,0.0411,-1.3601,0.1294,3.2538444136877813,101.72960725932396,0.7071
2026-04-22T05:26:22.548Z,-0.0331,-1.0121,1.2624,3.2538488063414204,101.72960246787714,0.7074
2026-04-22T05:26:23.189Z,-0.6863,0.137,0.6458,3.25385510874874,101.72960066402702,0.7739
2026-04-22T05:26:23.818Z,0.1145,1.0131,-0.1916,3.25385510874874,101.72960066402702,0.7739
2026-04-22T05:26:24.448Z,-0.186,0.4232,-0.4921,3.253860301727951,101.72959714528967,0.5987
2026-04-22T05:26:25.077Z,0.7499,-0.3361,-1.296,3.253860301727951,101.72959714528967,0.5987
2026-04-22T05:26:25.718Z,-0.3458,-0.6209,-0.7334,3.2538645443998417,101.72959510988014,0.6739
2026-04-22T05:26:26.349Z,0.6567,-1.1796,-0.9838,3.2538666970161354,101.7295900089533,0.6328
2026-04-22T05:26:26.978Z,-0.5176,-0.832,0.0011,3.2538666970161354,101.7295900089533,0.6328
2026-04-22T05:26:27.607Z,0.5318,-1.3294,0.9204,3.2538743252105413,101.7295881745335,0.7201
2026-04-22T05:26:28.240Z,0.0324,-0.6101,1.7382,3.2538819868491373,101.72958378348726,0.8291
2026-04-22T05:26:28.878Z,-0.3567,-0.1135,1.711,3.2538819868491373,101.72958378348726,0.8291
2026-04-22T05:26:29.508Z,0.3954,0.1379,1.4282,3.253887111330525,101.72957493433356,0.8448
2026-04-22T05:26:30.139Z,0.6467,0.2991,1.0402,3.2538920100474527,101.7295675203122,0.8441
2026-04-22T05:26:30.770Z,0.073,-0.0351,1.4101,3.2538920100474527,101.7295675203122,0.8441
2026-04-22T05:26:31.397Z,-0.3842,0.5567,0.5282,3.25390083821786,101.72956396523377,0.8516
2026-04-22T05:26:32.038Z,0.249,0.3506,0.3975,3.25390083821786,101.72956396523377,0.8516
2026-04-22T05:26:32.668Z,-0.8058,0.6929,-0.1296,3.253909838323996,101.72956018708986,0.9375
2026-04-22T05:26:33.299Z,0.3323,0.1775,-1.3564,3.2539160368048856,101.72955730474033,0.8384
2026-04-22T05:26:33.928Z,-0.3613,0.1273,-1.4742,3.2539160368048856,101.72955730474033,0.8384
2026-04-22T05:26:34.559Z,1.0555,-0.7377,-1.6526,3.2539235910467896,101.72956001450326,0.8842
2026-04-22T05:26:35.198Z,-0.0969,-0.7022,-0.9408,3.2539308393885373,101.72955998513916,0.8179
2026-04-22T05:26:35.827Z,-0.0046,-1.3065,-0.8906,3.2539308393885373,101.72955998513916,0.8179
2026-04-22T05:26:36.459Z,-0.3469,-1.0711,-1.8731,3.2539373352950505,101.72955690409036,0.8097
2026-04-22T05:26:37.088Z,0.9969,-1.0683,-0.4761,3.2539436472448053,101.72955407050542,0.6612
2026-04-22T05:26:37.718Z,-1.5367,-0.2809,1.0991,3.2539436472448053,101.72955407050542,0.6612
2026-04-22T05:26:38.357Z,-0.761,-0.3985,1.3635,3.2539525350664125,101.7295513205128,0.7761
2026-04-22T05:26:38.988Z,0.1696,-0.2108,1.8142,3.2539525350664125,101.7295513205128,0.7761
2026-04-22T05:26:39.618Z,0.1435,0.8552,0.9333,3.253962294058731,101.72955084211604,0.9555
2026-04-22T05:26:40.248Z,-0.0451,0.8046,-0.3021,3.25396899376102,101.72954960059086,0.851
2026-04-22T05:26:40.888Z,-0.5111,0.9201,-0.7397,3.25396899376102,101.72954960059086,0.851
2026-04-22T05:26:41.518Z,0.4158,-0.3416,-1.0157,3.253975021411399,101.72954780292964,0.6763
2026-04-22T05:26:42.148Z,-0.2223,-0.0032,-1.4887,3.253983515411037,101.72954447416684,0.8678
2026-04-22T05:26:42.779Z,0.5769,-0.3764,-0.8597,3.253983515411037,101.72954447416684,0.8678
2026-04-22T05:26:43.407Z,-0.8841,-0.1561,-2.4607,3.253991332808328,101.72953960984002,0.9409
2026-04-22T05:26:44.050Z,0.2467,-0.4226,-0.6186,3.253991332808328,101.72953960984002,0.9409
2026-04-22T05:26:44.679Z,-1.6235,-0.2652,-2.8317,3.253998447555283,101.72953379682896,0.927
2026-04-22T05:26:45.307Z,-0.8344,-0.6889,-1.475,3.254006267999402,101.72952824214264,0.9902
2026-04-22T05:26:45.938Z,-0.6962,-0.6568,0.4818,3.254006267999402,101.72952824214264,0.9902
2026-04-22T05:26:46.569Z,1.0632,-0.6293,0.6521,3.254012674561402,101.72952444382902,0.8947
2026-04-22T05:26:47.208Z,-0.2579,-0.8207,1.0472,3.254019250957564,101.72951926623152,0.9163
2026-04-22T05:26:47.838Z,-0.6716,-0.7928,1.6026,3.254019250957564,101.72951926623152,0.9163
2026-04-22T05:26:48.468Z,-0.3062,-0.3082,1.2146,3.254024686187036,101.72951318564796,0.8953
2026-04-22T05:26:49.099Z,-0.2944,-0.3507,0.6973,3.254030835019765,101.72950641315072,0.9513
2026-04-22T05:26:49.729Z,-0.9781,-0.941,0.6204,3.254030835019765,101.72950641315072,0.9513
2026-04-22T05:26:50.370Z,-0.3427,0.4945,0.5713,3.254036581377885,101.7295004635345,0.905
2026-04-22T05:26:50.998Z,0.4218,0.5095,0.4417,3.254036581377885,101.7295004635345,0.905
2026-04-22T05:26:51.628Z,1.0677,0.2858,0.9743,3.2540429731181,101.72949410669824,0.929
2026-04-22T05:26:52.258Z,0.1854,0.587,-0.2415,3.2540487291137405,101.729488672684,0.9
2026-04-22T05:26:52.898Z,-0.7938,1.0546,-1.3898,3.2540487291137405,101.729488672684,0.9
2026-04-22T05:26:53.528Z,0.503,0.6925,-1.4742,3.2540532827149824,101.7294822577064,0.8736
2026-04-22T05:26:54.157Z,-0.3959,0.6765,-1.937,3.254058686932696,101.7294760034318,0.8764
2026-04-22T05:26:54.790Z,0.0434,0.1914,-1.6568,3.254058686932696,101.7294760034318,0.8764
2026-04-22T05:26:55.419Z,0.4013,-0.1615,-0.1832,3.2540636081304344,101.72946937370354,0.8878
2026-04-22T05:26:56.058Z,0.3674,-0.7941,-0.0404,3.2540636081304344,101.72946937370354,0.8878
2026-04-22T05:26:56.688Z,-0.7666,-0.9235,-1.0258,3.254068246604476,101.72946404871549,0.8246
2026-04-22T05:26:57.319Z,0.7405,-1.2565,0.3736,3.254072628715916,101.7294561760516,0.9203
2026-04-22T05:26:57.948Z,-0.8924,-0.0732,1.3991,3.254072628715916,101.7294561760516,0.9203
2026-04-22T05:26:58.578Z,-0.8595,0.2766,1.8833,3.2540767426524027,101.72944884177272,0.9104
2026-04-22T05:26:59.218Z,-0.3975,0.1019,1.2611,3.2540808450283247,101.72944226859836,0.8667
2026-04-22T05:26:59.848Z,-0.4629,0.5461,0.8076,3.2540808450283247,101.72944226859836,0.8667
2026-04-22T05:27:00.480Z,0.54,1.075,0.1973,3.2540853927988347,101.72943517102397,0.9087
2026-04-22T05:27:01.108Z,-0.4108,0.7561,-0.908,3.2540897219831098,101.72942754072336,0.9026
2026-04-22T05:27:01.738Z,0.0997,0.4423,-1.4875,3.2540897219831098,101.72942754072336,0.9026
2026-04-22T05:27:02.378Z,-0.7045,0.6189,-1.2418,3.254093661016883,101.72941974637348,0.918
2026-04-22T05:27:03.008Z,1.2541,0.0374,-1.5978,3.254093661016883,101.72941974637348,0.918
2026-04-22T05:27:03.638Z,0.2913,0.2509,0.1436,3.2540969129217863,101.72941303425468,0.8603
2026-04-22T05:27:04.268Z,0.3514,-0.6599,-0.6508,3.2541010300047364,101.72940398711005,0.9955
2026-04-22T05:27:04.898Z,-1.4364,-0.6197,-1.8217,3.2541010300047364,101.72940398711005,0.9955
2026-04-22T05:27:05.539Z,0.153,-0.4296,-1.5377,3.254105731596664,101.7293980266782,0.9078
2026-04-22T05:27:06.169Z,0.098,-1.1611,1.9857,3.25411093344377,101.72939057049824,0.9567
2026-04-22T05:27:06.799Z,0.1193,-1.3986,1.9979,3.25411093344377,101.72939057049824,0.9567
2026-04-22T05:27:07.428Z,-0.8231,-0.8733,3.5244,3.2541157792590405,101.72938553572408,0.8671
2026-04-22T05:27:08.069Z,0.3727,-1.3775,3.3019,3.2541157792590405,101.72938553572408,0.8671
2026-04-22T05:27:08.700Z,-0.6946,-0.104,-0.1455,3.254120743298986,101.729380378261,0.8192
2026-04-22T05:27:09.328Z,0.0873,0.0692,1.1903,3.254123797104981,101.72937297743375,0.8048
2026-04-22T05:27:09.958Z,0.1444,0.2508,1.1909,3.254123797104981,101.72937297743375,0.8048
2026-04-22T05:27:10.590Z,-0.309,1.0067,1.1846,3.2541282294260574,101.729364920777,0.9167
2026-04-22T05:27:11.229Z,0.3165,0.197,-0.181,3.2541326785226765,101.72935820700026,0.9362
2026-04-22T05:27:11.858Z,-0.3184,0.6276,0.1643,3.2541326785226765,101.72935820700026,0.9362
2026-04-22T05:27:12.489Z,0.1062,0.6925,-0.6529,3.254137719537676,101.72934694191534,1.0569
2026-04-22T05:27:13.120Z,-0.2636,0.7422,-0.6969,3.2541429778595283,101.7293404216327,0.9068
2026-04-22T05:27:13.748Z,0.433,0.4466,-2.1617,3.2541429778595283,101.7293404216327,0.9068
2026-04-22T05:27:14.389Z,-0.6703,0.3656,-1.3941,3.2541471761901644,101.72933329280188,0.9035
2026-04-22T05:27:15.019Z,0.4741,0.5668,-1.9172,3.2541471761901644,101.72933329280188,0.9035
2026-04-22T05:27:15.649Z,-0.3652,0.5179,-1.3236,3.254151792756467,101.72932609901753,0.8706
2026-04-22T05:27:16.279Z,0.1461,-0.1055,-2.7919,3.2541569274283675,101.72931694268964,0.9613
2026-04-22T05:27:16.909Z,-1.3232,0.3265,0.3394,3.2541569274283675,101.72931694268964,0.9613
2026-04-22T05:27:17.548Z,0.4507,-0.4169,-1.7264,3.2541614437600184,101.72931071866572,0.8746
2026-04-22T05:27:18.178Z,-0.5994,0.1655,-1.3381,3.254166032813192,101.7293068507253,0.7378
2026-04-22T05:27:18.809Z,0.0262,-0.483,-0.3528,3.254166032813192,101.7293068507253,0.7378
2026-04-22T05:27:19.439Z,-1.7154,-0.1091,-1.8662,3.254169894977176,101.72929915902893,0.803
2026-04-22T05:27:20.069Z,0.1907,-0.5378,-2.037,3.254169894977176,101.72929915902893,0.803
2026-04-22T05:27:20.710Z,-1.8692,-0.9204,-2.6893,3.2541751365863725,101.72928947322386,0.998
2026-04-22T05:27:21.339Z,0.8072,-0.3132,-1.1705,3.254180055104867,101.72928212194448,0.9969
2026-04-22T05:27:21.969Z,0.4362,-0.6241,0.7493,3.254180055104867,101.72928212194448,0.9969
2026-04-22T05:27:22.598Z,0.2342,-0.5009,-0.8472,3.2541842733577817,101.72927610958276,0.9043
2026-04-22T05:27:23.239Z,0.022,-0.3079,0.0988,3.254188923097058,101.72926779478532,0.9882
2026-04-22T05:27:23.869Z,-0.4814,-0.8393,0.3273,3.254188923097058,101.72926779478532,0.9882
2026-04-22T05:27:24.499Z,0.4849,-1.1269,1.0969,3.254192458575336,101.7292609700052,0.9116
2026-04-22T05:27:25.129Z,0.6388,-0.7918,0.8988,3.254197858105228,101.72925259476663,0.9794
2026-04-22T05:27:25.758Z,-0.6344,-1.4248,1.0592,3.254197858105228,101.72925259476663,0.9794
2026-04-22T05:27:26.398Z,-0.6456,1.0924,0.9644,3.254201245324932,101.72924433383568,0.9629
2026-04-22T05:27:27.030Z,0.5658,0.3771,1.0592,3.254201245324932,101.72924433383568,0.9629
2026-04-22T05:27:27.659Z,-0.1346,1.0339,-0.6538,3.2542044124985314,101.72923543207348,1.005
2026-04-22T05:27:28.289Z,-0.3147,0.2025,0.2848,3.25420601576346,101.72922719089844,0.9797
2026-04-22T05:27:28.920Z,0.5832,0.6881,0.1299,3.25420601576346,101.72922719089844,0.9797
2026-04-22T05:27:29.559Z,0.1874,0.5008,-0.3301,3.25420985327022,101.7292192715238,1.0232
2026-04-22T05:27:30.189Z,-1.0388,0.8542,-0.7589,3.254213078546468,101.72921392915424,0.8531
2026-04-22T05:27:30.819Z,0.3615,0.4495,-0.858,3.254213078546468,101.72921392915424,0.8531
2026-04-22T05:27:31.449Z,-0.6617,1.0287,-1.4636,3.2542159345676622,101.72920542360394,0.9024
2026-04-22T05:27:32.079Z,0.2578,0.626,-1.7897,3.2542159345676622,101.72920542360394,0.9024
2026-04-22T05:27:32.721Z,-0.1384,1.0481,-1.11,3.2542188315912552,101.72919666763336,0.9463
2026-04-22T05:27:33.349Z,0.3743,0.3778,-0.8469,3.25422241679705,101.72918918839386,0.9363
2026-04-22T05:27:33.979Z,0.2363,0.6255,-0.9928,3.25422241679705,101.72918918839386,0.9363
2026-04-22T05:27:34.608Z,0.4705,0.939,-1.7448,3.254223317239115,101.7291812903181,0.8645
2026-04-22T05:27:35.239Z,-0.0092,0.7451,-0.0607,3.254226580003844,101.72917109604148,1.0163
2026-04-22T05:27:35.879Z,0.0416,0.783,-1.4503,3.254226580003844,101.72917109604148,1.0163
2026-04-22T05:27:36.508Z,-0.1575,0.1174,-3.2022,3.25423159713947,101.72916529173628,0.9323
2026-04-22T05:27:37.142Z,-0.2336,0.2867,-3.6802,3.2542368362215623,101.72915990990916,0.8676
2026-04-22T05:27:37.770Z,-0.2775,0.6237,-1.6282,3.2542368362215623,101.72915990990916,0.8676
2026-04-22T05:27:38.409Z,0.0118,0.5013,-2.2952,3.25424262599769,101.72915613019148,0.7678
2026-04-22T05:27:39.040Z,0.4504,-0.5565,-1.058,3.25424262599769,101.72915613019148,0.7678
2026-04-22T05:27:39.671Z,0.2647,-0.6816,-0.2243,3.2542469332529165,101.72914764286504,0.8419
2026-04-22T05:27:40.300Z,-1.8839,-0.7617,-1.0011,3.2542518164262284,101.72914163394742,0.8334
2026-04-22T05:27:40.929Z,0.2944,-0.8069,-1.4258,3.2542518164262284,101.72914163394742,0.8334
2026-04-22T05:27:41.569Z,-0.675,-1.1509,3.497,3.2542580910380083,101.72913687577454,0.837
2026-04-22T05:27:42.199Z,-0.6153,0.2394,1.6707,3.2542627289914554,101.72913226817016,0.8056
2026-04-22T05:27:42.831Z,0.3926,-0.5557,1.0031,3.2542627289914554,101.72913226817016,0.8056
2026-04-22T05:27:43.460Z,0.3498,0.4673,0.1579,3.2542685208968707,101.72912872994164,0.7618
2026-04-22T05:27:44.090Z,0.6581,0.2042,-0.4129,3.254277106559204,101.72912869753615,0.7505
2026-04-22T05:27:44.729Z,-0.0383,0.5672,-1.1537,3.254277106559204,101.72912869753615,0.7505
2026-04-22T05:27:45.359Z,0.4946,-0.4767,-0.7468,3.254286816154646,101.72913211120066,0.8199
2026-04-22T05:27:45.990Z,-1.2798,-0.2272,-1.2079,3.254286816154646,101.72913211120066,0.8199
2026-04-22T05:27:46.620Z,0.4746,-1.0379,-2.7149,3.2542951273399923,101.72913528417332,0.8445
2026-04-22T05:27:47.249Z,1.4362,-1.7775,3.1077,3.2543050164301537,101.72913739362686,0.89
2026-04-22T05:27:47.890Z,0.3008,-0.8661,1.0752,3.2543050164301537,101.72913739362686,0.89
2026-04-22T05:27:48.521Z,-1.0529,0.3637,0.4393,3.25430875475286,101.72913875811896,0.6076
2026-04-22T05:27:49.151Z,0.1334,-1.0668,1.0374,3.254318208344033,101.7291397190321,0.8341
2026-04-22T05:27:49.779Z,-0.7106,-1.5088,2.3899,3.254318208344033,101.7291397190321,0.8341
2026-04-22T05:27:50.409Z,-0.7779,1.1144,2.1495,3.254325201506024,101.72914250353344,0.8297
2026-04-22T05:27:51.052Z,-0.864,0.8935,1.9744,3.254325201506024,101.72914250353344,0.8297
2026-04-22T05:27:51.679Z,0.4227,-0.8966,1.644,3.254334799841044,101.72914484128832,0.9242
2026-04-22T05:27:52.309Z,-0.7897,-0.4449,0.0709,3.254342216325894,101.72914447466124,0.835
2026-04-22T05:27:52.940Z,-0.1825,-0.7626,0.8107,3.254342216325894,101.72914447466124,0.835
2026-04-22T05:27:53.580Z,-1.1682,-0.3228,0.6072,3.25435205125922,101.72914405780058,0.953
2026-04-22T05:27:54.210Z,-0.7692,-0.7733,1.156,3.254361520097338,101.72914401732608,1.0058
2026-04-22T05:27:54.840Z,-2.415,0.3351,0.1885,3.254361520097338,101.72914401732608,1.0058
2026-04-22T05:27:55.472Z,0.4634,-0.9474,2.2374,3.254370309247629,101.72914320103598,0.9754
2026-04-22T05:27:56.100Z,-1.5243,-0.549,2.6742,3.254380447693877,101.7291418108536,1.0556
2026-04-22T05:27:56.740Z,-1.0818,-0.5455,0.5865,3.254380447693877,101.7291418108536,1.0556
2026-04-22T05:27:57.370Z,0.3106,-0.2759,0.306,3.254388465827868,101.72914000253644,0.9339
2026-04-22T05:27:58.000Z,0.0086,0.2138,0.8806,3.254388465827868,101.72914000253644,0.9339
2026-04-22T05:27:58.630Z,-0.3063,0.3266,0.2752,3.254397166383515,101.7291387025789,0.9116
2026-04-22T05:27:59.261Z,-0.4933,1.1776,0.5302,3.254403800271414,101.7291361149164,0.8261
2026-04-22T05:27:59.900Z,-0.0604,0.0261,0.5837,3.254403800271414,101.7291361149164,0.8261
2026-04-22T05:28:00.530Z,-0.4777,-0.1071,0.4655,3.254413540407381,101.72913345842592,0.9455
2026-04-22T05:28:01.159Z,-0.1313,0.211,0.6129,3.254421288066144,101.72913225577592,0.8524
2026-04-22T05:28:01.790Z,-0.6894,-0.3123,0.8439,3.254421288066144,101.72913225577592,0.8524
2026-04-22T05:28:02.420Z,-0.4092,-0.6474,2.4078,3.2544321004026604,101.7291323929685,0.9759
2026-04-22T05:28:03.060Z,0.6153,-1.1437,2.1836,3.2544321004026604,101.7291323929685,0.9759
2026-04-22T05:28:03.690Z,-0.5492,-0.0616,-0.797,3.2544408946534102,101.72913398405038,0.9444
2026-04-22T05:28:04.320Z,-1.0889,-0.2436,0.6989,3.254449928855135,101.72913571022632,0.9368
2026-04-22T05:28:04.951Z,-1.556,-1.4631,2.7428,3.254449928855135,101.72913571022632,0.9368
2026-04-22T05:28:05.590Z,0.9449,-0.9475,0.1986,3.254459602269643,101.72913540993486,0.9815
2026-04-22T05:28:06.220Z,0.6951,-1.1546,1.0648,3.254469416289888,101.7291343355996,1.0255
2026-04-22T05:28:06.851Z,-0.0382,-0.547,-1.5041,3.254469416289888,101.7291343355996,1.0255
2026-04-22T05:28:07.481Z,-0.3364,-0.6159,-0.8846,3.254477469735319,101.72913036492876,0.9915
2026-04-22T05:28:08.109Z,-0.0881,-0.3103,-1.078,3.254485212805226,101.7291266720056,0.9849
2026-04-22T05:28:08.750Z,0.4345,-1.1667,1.8231,3.254485212805226,101.7291266720056,0.9849
2026-04-22T05:28:09.380Z,0.215,-0.4538,-0.1747,3.254493368089149,101.72912393446003,0.896
2026-04-22T05:28:10.010Z,0.438,-0.9422,1.0473,3.254493368089149,101.72912393446003,0.896
2026-04-22T05:28:10.640Z,0.415,-0.6355,0.0484,3.254500920106212,101.7291187704416,0.9192
2026-04-22T05:28:11.270Z,0.6197,-0.7831,1.4652,3.2545084639169173,101.72911323710892,0.9629
2026-04-22T05:28:11.909Z,0.5225,-0.4963,-1.3958,3.2545084639169173,101.72911323710892,0.9629
2026-04-22T05:28:12.540Z,-0.0463,-0.8238,0.282,3.254515120252888,101.72910809855507,0.9522
2026-04-22T05:28:13.170Z,0.4066,-0.4685,-0.5615,3.254522385122308,101.72910313499008,0.9579
2026-04-22T05:28:13.800Z,-1.5268,-0.5824,-0.7609,3.254522385122308,101.72910313499008,0.9579
2026-04-22T05:28:14.430Z,0.7528,-0.7661,-0.5419,3.254530138706366,101.72909888187624,0.9624
2026-04-22T05:28:15.072Z,0.7711,-0.7738,-0.4466,3.254530138706366,101.72909888187624,0.9624
2026-04-22T05:28:15.700Z,0.1151,-0.4526,-2.0407,3.2545374001181497,101.72909254640572,0.9952
2026-04-22T05:28:16.330Z,-1.3289,-1.0542,-0.7333,3.254544454851285,101.72908718376252,0.9845
2026-04-22T05:28:16.959Z,0.8456,-0.7008,-0.7896,3.254544454851285,101.72908718376252,0.9845
2026-04-22T05:28:17.591Z,0.2708,-0.2807,0.4888,3.254552474122077,101.72908091114536,1.0403
2026-04-22T05:28:18.230Z,0.8964,-0.4715,-1.3463,3.254560389891119,101.72907672970052,0.9755
2026-04-22T05:28:18.859Z,-1.76,-0.4084,-1.7892,3.254560389891119,101.72907672970052,0.9755
2026-04-22T05:28:19.490Z,-0.4876,-0.6763,-1.0193,3.254567184552618,101.7290711669162,0.951
2026-04-22T05:28:20.121Z,-2.0716,0.3495,-3.0266,3.254574841644145,101.72906238178405,1.073
2026-04-22T05:28:20.762Z,0.267,-0.6732,-0.4724,3.254574841644145,101.72906238178405,1.073
2026-04-22T05:28:21.392Z,-0.6771,-0.0995,-2.3117,3.2545792491379406,101.7290548363294,1.0076
2026-04-22T05:28:22.020Z,0.1873,-0.6348,-0.7422,3.2545792491379406,101.7290548363294,1.0076
2026-04-22T05:28:22.650Z,-1.7568,-0.5737,-0.5457,3.25458452984504,101.72904608580951,1.0567
2026-04-22T05:28:23.280Z,1.0761,-0.1362,-1.6287,3.2545895477101108,101.72903944399388,0.9708
2026-04-22T05:28:23.921Z,-0.5853,-0.3555,-1.0327,3.2545895477101108,101.72903944399388,0.9708
2026-04-22T05:28:24.550Z,0.4374,-0.3487,-1.2394,3.254596584171658,101.72903320971643,0.982
2026-04-22T05:28:25.180Z,-0.8794,0.0484,-1.8419,3.254604027581298,101.7290268966759,1.0183
2026-04-22T05:28:25.811Z,-0.186,-0.1544,-0.5041,3.254604027581298,101.7290268966759,1.0183
2026-04-22T05:28:26.441Z,-0.5573,-0.0508,-1.8445,3.254609699094421,101.7290218439554,0.9379
2026-04-22T05:28:27.082Z,0.491,-0.6223,-0.8882,3.254609699094421,101.7290218439554,0.9379
2026-04-22T05:28:27.710Z,0.2385,-0.6562,-2.6896,3.2546161596402867,101.72901530797476,0.9877
2026-04-22T05:28:28.341Z,0.8915,-0.512,-0.4131,3.2546240826742854,101.7290102410662,1.0221
2026-04-22T05:28:28.970Z,-0.0338,-0.3341,-1.0139,3.2546240826742854,101.7290102410662,1.0221
2026-04-22T05:28:29.600Z,0.8422,-0.6868,-0.5294,3.254632252307473,101.72900732948624,0.9728
2026-04-22T05:28:30.241Z,-0.4,-0.1423,-1.6925,3.254641919711267,101.72900744622548,0.9481
2026-04-22T05:28:30.870Z,0.1363,-1.1701,-0.5363,3.254641919711267,101.72900744622548,0.9481
2026-04-22T05:28:31.502Z,-0.8312,-0.7858,-1.7748,3.2546496353469885,101.72901370854083,0.8318
2026-04-22T05:28:32.130Z,2.2847,-0.7812,-1.514,3.2546558771508063,101.72902253258016,0.9082
2026-04-22T05:28:32.760Z,-0.9503,-0.234,-2.0913,3.2546558771508063,101.72902253258016,0.9082
2026-04-22T05:28:33.403Z,0.5141,-0.6045,-1.3998,3.2546560673507674,101.7290334353244,0.9177
2026-04-22T05:28:34.031Z,-1.0482,-0.2145,-2.7416,3.2546560673507674,101.7290334353244,0.9177
2026-04-22T05:28:34.660Z,0.3473,-0.2024,-0.9763,3.2546525930170933,101.72904512940109,1.034
2026-04-22T05:28:35.291Z,0.4603,0.1458,-1.4639,3.25464721715911,101.72905492759014,1.0717
2026-04-22T05:28:35.930Z,1.8672,0.253,-2.2064,3.25464721715911,101.72905492759014,1.0717
2026-04-22T05:28:36.561Z,0.6296,-0.0911,-0.2694,3.254642096494854,101.7290628703732,1.0393
2026-04-22T05:28:37.191Z,0.7856,0.6088,-1.3812,3.2546350695798174,101.72906993500776,1.0408
2026-04-22T05:28:37.821Z,0.4829,0.4171,-1.1107,3.2546350695798174,101.72906993500776,1.0408
2026-04-22T05:28:38.451Z,0.1929,0.52,-1.7691,3.2546271566079303,101.72907619111623,1.0588
2026-04-22T05:28:39.093Z,0.0161,0.5735,-1.3506,3.2546210510498543,101.72908162740616,0.9881
2026-04-22T05:28:39.721Z,0.3526,0.9121,-1.0106,3.2546210510498543,101.72908162740616,0.9881
2026-04-22T05:28:40.351Z,-0.3583,0.946,-0.1164,3.254614490931506,101.72908833867804,1.03
2026-04-22T05:28:40.980Z,1.3029,0.5785,-0.7056,3.254614490931506,101.72908833867804,1.03
2026-04-22T05:28:41.610Z,0.5217,0.4051,0.6771,3.2546097192284646,101.72909534553952,0.9952
2026-04-22T05:28:42.252Z,0.9256,0.4843,0.976,3.254603451817028,101.72910297680656,1.0455
2026-04-22T05:28:42.881Z,-0.0213,0.6314,1.3695,3.254603451817028,101.72910297680656,1.0455
2026-04-22T05:28:43.512Z,1.165,0.2351,1.1721,3.254596933247753,101.7291084077156,0.9975
2026-04-22T05:28:44.141Z,0.0028,0.7023,0.686,3.254591444967035,101.72911344233997,0.8902
2026-04-22T05:28:44.771Z,0.7022,0.8175,0.0812,3.254591444967035,101.72911344233997,0.8902
2026-04-22T05:28:45.411Z,0.4322,0.5157,0.8705,3.2545842979649087,101.72911990244786,0.9618
2026-04-22T05:28:46.041Z,0.538,0.4508,0.9881,3.2545842979649087,101.72911990244786,0.9618
2026-04-22T05:28:46.671Z,0.1729,0.4805,0.7647,3.2545777057861938,101.7291250170975,0.9332
2026-04-22T05:28:47.302Z,0.6702,0.5207,1.4394,3.254569972706875,101.72913061805724,0.9912
2026-04-22T05:28:47.932Z,-0.0083,0.3389,1.2304,3.254569972706875,101.72913061805724,0.9912
2026-04-22T05:28:48.571Z,0.7269,0.3971,0.7018,3.254563412643668,101.72913622461584,0.9529
2026-04-22T05:28:49.200Z,0.0606,0.5783,0.7987,3.2545572888893366,101.72914277417632,0.971
2026-04-22T05:28:49.833Z,0.9866,0.3568,1.2751,3.2545572888893366,101.72914277417632,0.971
2026-04-22T05:28:50.461Z,0.0626,0.7455,1.1423,3.254551275729536,101.7291492299116,0.9706
2026-04-22T05:28:51.101Z,0.4511,0.6189,1.0527,3.2545458135894663,101.72915586690505,0.9356
2026-04-22T05:28:51.731Z,0.3623,0.6645,1.5816,3.2545458135894663,101.72915586690505,0.9356
2026-04-22T05:28:52.360Z,0.3543,0.247,1.6531,3.254538990053748,101.72916238311736,0.9869
2026-04-22T05:28:52.991Z,0.422,0.3997,2.5116,3.254538990053748,101.72916238311736,0.9869
2026-04-22T05:28:53.622Z,0.365,0.2181,1.1324,3.254531909986268,101.72916817965564,1.0124
2026-04-22T05:28:54.261Z,-0.1824,0.3806,0.6785,3.2545271769864,101.72917299715084,0.8744
2026-04-22T05:28:54.891Z,0.6579,-0.2065,1.5111,3.2545271769864,101.72917299715084,0.8744
2026-04-22T05:28:55.522Z,-0.1927,0.4482,1.5049,3.2545184416623307,101.72918048982616,1.0323
2026-04-22T05:28:56.151Z,0.5637,-0.3635,1.341,3.2545122079382143,101.72918581582084,0.9984
2026-04-22T05:28:56.781Z,0.014,0.4023,1.1689,3.2545122079382143,101.72918581582084,0.9984
2026-04-22T05:28:57.421Z,-0.2288,0.0468,2.2212,3.2545052493516087,101.72919188234135,1.0108
2026-04-22T05:28:58.051Z,0.19,0.3047,1.6142,3.2545052493516087,101.72919188234135,1.0108
2026-04-22T05:28:58.681Z,0.5723,-0.1593,1.7766,3.2544978968615825,101.72919729673356,1.0519
2026-04-22T05:28:59.311Z,-0.0614,0.0003,0.8777,3.254492131615932,101.72920220565588,0.9915
2026-04-22T05:28:59.941Z,-0.1978,-0.7062,1.3512,3.254492131615932,101.72920220565588,0.9915
2026-04-22T05:29:00.581Z,-0.1695,-0.1124,1.5317,3.254484649709928,101.7292086032581,1.0489
2026-04-22T05:29:01.211Z,0.1688,-0.1139,2.1827,3.25447789319166,101.72921326983176,0.9755
2026-04-22T05:29:01.842Z,-0.1224,0.0668,1.9859,3.25447789319166,101.72921326983176,0.9755
2026-04-22T05:29:02.471Z,0.0912,-0.1423,2.6038,3.2544703063572187,101.72921889890772,1.0335
2026-04-22T05:29:03.101Z,0.369,0.4361,1.524,3.254463953873797,101.72922482627676,1.0116
2026-04-22T05:29:03.745Z,-0.6778,-0.5356,1.2543,3.254463953873797,101.72922482627676,1.0116
2026-04-22T05:29:04.372Z,0.4181,0.295,1.2879,3.254457691135076,101.72923215135503,1.0595
2026-04-22T05:29:05.001Z,0.0895,-0.4334,0.6151,3.254457691135076,101.72923215135503,1.0595
2026-04-22T05:29:05.630Z,-0.4155,0.1864,0.8461,3.254451372002005,101.72923989650108,1.0866
2026-04-22T05:29:06.272Z,0.468,0.1334,1.2668,3.254444717197222,101.72924601554634,1.0295
2026-04-22T05:29:06.901Z,0.3484,0.5341,1.7676,3.254444717197222,101.72924601554634,1.0295
2026-04-22T05:29:07.530Z,0.4211,0.023,1.392,3.254437512891491,101.72925263485854,1.0514
2026-04-22T05:29:08.160Z,0.5132,0.2877,0.8952,3.2544310285435323,101.72925730794135,0.9493
2026-04-22T05:29:08.791Z,1.3124,-0.3314,2.5665,3.2544310285435323,101.72925730794135,0.9493
2026-04-22T05:29:09.433Z,-0.0131,0.429,2.6825,3.254423100511708,101.7292638616491,1.0462
2026-04-22T05:29:10.060Z,0.8748,-0.069,2.037,3.254423100511708,101.7292638616491,1.0462
2026-04-22T05:29:10.691Z,-0.5945,0.4052,1.1115,3.2544160587435496,101.7292696221389,1.0251
2026-04-22T05:29:11.321Z,0.1995,-0.1479,1.6429,3.254408128925589,101.72927489803952,1.0411
2026-04-22T05:29:11.951Z,-0.4406,0.313,1.8088,3.254408128925589,101.72927489803952,1.0411
2026-04-22T05:29:12.591Z,0.802,-0.4321,2.273,3.254400288034208,101.72927990065756,1.0271
2026-04-22T05:29:13.221Z,-0.111,0.0677,2.2675,3.254392893125313,101.72928468511702,1.0037
2026-04-22T05:29:13.851Z,0.9063,-0.2218,1.305,3.254392893125313,101.72928468511702,1.0037
2026-04-22T05:29:14.481Z,0.1767,0.2611,2.3467,3.254384160429124,101.72928984382756,1.0667
2026-04-22T05:29:15.111Z,0.205,-0.0945,2.2046,3.254375958845449,101.72929399300573,1.0377
2026-04-22T05:29:15.753Z,0.1341,0.4342,1.2654,3.254375958845449,101.72929399300573,1.0377
2026-04-22T05:29:16.381Z,0.3195,-0.0179,2.5439,3.254367675961196,101.7292981974032,1.0314
2026-04-22T05:29:17.010Z,-0.2834,0.3488,1.233,3.254367675961196,101.7292981974032,1.0314
2026-04-22T05:29:17.642Z,0.5849,-0.1105,2.1685,3.25435986893591,101.72930080624172,0.954
2026-04-22T05:29:18.281Z,-0.9187,0.3457,1.8939,3.2543523966787964,101.72930343015794,0.9107
2026-04-22T05:29:18.910Z,1.1892,-0.3975,3.3891,3.2543523966787964,101.72930343015794,0.9107
2026-04-22T05:29:19.540Z,-0.3732,0.2334,2.0833,3.254343874686699,101.72930901588713,1.0032
2026-04-22T05:29:20.174Z,0.2518,-0.0561,1.7792,3.2543380900600325,101.72931551487564,0.9718
2026-04-22T05:29:20.803Z,0.7016,0.2328,2.325,3.2543380900600325,101.72931551487564,0.9718
2026-04-22T05:29:21.442Z,0.7521,0.3843,-0.1327,3.2543338665452968,101.729323168891,0.9559
2026-04-22T05:29:22.071Z,1.3782,0.2311,1.6501,3.2543338665452968,101.729323168891,0.9559
2026-04-22T05:29:22.701Z,-0.0983,0.5072,-0.4337,3.2543318781993524,101.7293303778436,0.881
2026-04-22T05:29:23.332Z,-0.2942,0.7697,-0.3004,3.2543293165104275,101.72934012342324,1.0043
2026-04-22T05:29:23.961Z,0.2578,0.9966,-0.5217,3.2543293165104275,101.72934012342324,1.0043
2026-04-22T05:29:24.601Z,-0.3728,0.7749,0.0618,3.254329139897708,101.72934734846928,0.9288
2026-04-22T05:29:25.231Z,0.2994,0.6277,0.003,3.254328479221243,101.72935705218474,1.0089
2026-04-22T05:29:25.860Z,-0.4124,0.9162,-0.4216,3.254328479221243,101.72935705218474,1.0089
2026-04-22T05:29:26.492Z,0.0735,0.7107,-0.4553,3.254328301155024,101.72936461633655,0.9253
2026-04-22T05:29:27.121Z,-0.8686,1.1036,-1.0028,3.254328086526089,101.72937294303956,0.9411
2026-04-22T05:29:27.762Z,0.3726,0.7871,-0.2371,3.254328086526089,101.72937294303956,0.9411
2026-04-22T05:29:28.391Z,-0.096,1.0936,0.3272,3.2543292048983536,101.72938188091648,0.9714
2026-04-22T05:29:29.022Z,0.4078,0.928,-0.9575,3.2543292048983536,101.72938188091648,0.9714
2026-04-22T05:29:29.651Z,0.1293,0.817,-0.028,3.2543317986051825,101.72938902229384,0.9006
2026-04-22T05:29:30.281Z,0.0374,0.8453,-0.8461,3.2543352656166937,101.72939568373266,0.8782
2026-04-22T05:29:30.922Z,-0.048,1.0195,0.3859,3.2543352656166937,101.72939568373266,0.8782
2026-04-22T05:29:31.554Z,0.4799,0.9685,-0.8933,3.254339542351085,101.72940210631974,0.9395
2026-04-22T05:29:32.183Z,0.0661,0.8907,-0.1501,3.2543425519664484,101.72941024601772,0.9626
2026-04-22T05:29:32.811Z,0.2242,0.5615,0.4731,3.2543425519664484,101.72941024601772,0.9626
2026-04-22T05:29:33.452Z,0.3398,0.7627,-0.0471,3.25434361912693,101.72941895055004,0.9565
2026-04-22T05:29:34.081Z,0.6839,0.4753,0.1888,3.25434361912693,101.72941895055004,0.9565
2026-04-22T05:29:34.711Z,-0.2382,1.0854,0.0266,3.2543460009284333,101.7294279164726,1.001
2026-04-22T05:29:35.342Z,0.2391,0.8259,-0.2814,3.254348961956676,101.72943609839756,0.9799
2026-04-22T05:29:35.971Z,-0.015,0.8407,0.6196,3.254348961956676,101.72943609839756,0.9799
2026-04-22T05:29:36.611Z,-0.1587,0.8684,0.1362,3.254351476015363,101.729444640119,1.0037
2026-04-22T05:29:37.242Z,0.5233,0.6671,0.797,3.2543549908200373,101.72945221305892,0.9849
2026-04-22T05:29:37.873Z,0.4576,0.4369,1.5881,3.2543549908200373,101.72945221305892,0.9849
2026-04-22T05:29:38.502Z,0.2146,0.3642,1.4678,3.25435928504749,101.72946172243958,1.1057
2026-04-22T05:29:39.131Z,0.3344,0.1612,1.0918,3.25436360603384,101.729468335845,0.9946
2026-04-22T05:29:39.773Z,0.0845,0.573,1.4924,3.25436360603384,101.729468335845,0.9946
2026-04-22T05:29:40.401Z,0.8259,0.6223,0.5754,3.2543695488294366,101.72947531108912,0.9872
2026-04-22T05:29:41.031Z,0.3319,0.5825,1.244,3.2543695488294366,101.72947531108912,0.9872
2026-04-22T05:29:41.661Z,0.9025,0.0192,1.5978,3.2543734343258306,101.72948214910058,0.9347
2026-04-22T05:29:42.293Z,0.0976,0.3924,0.9698,3.2543760761693687,101.72949003396428,0.9146
2026-04-22T05:29:42.932Z,-0.1456,-0.0769,1.9807,3.2543760761693687,101.72949003396428,0.9146
2026-04-22T05:29:43.562Z,-0.3165,0.035,1.0208,3.2543792332264703,101.72949954651764,1.022
2026-04-22T05:29:44.192Z,-0.5624,0.1155,0.774,3.25438312720291,101.729507888598,1.0132
2026-04-22T05:29:44.821Z,-0.6715,0.3144,1.4878,3.25438312720291,101.729507888598,1.0132
2026-04-22T05:29:45.452Z,-0.2712,-0.0124,0.8525,3.2543854961477554,101.72951621983636,0.9938
2026-04-22T05:29:46.094Z,0.0594,0.0314,2.1056,3.254387491083695,101.7295248357482,0.9839
2026-04-22T05:29:46.722Z,-0.3208,0.1667,0.0673,3.254387491083695,101.7295248357482,0.9839
2026-04-22T05:29:47.352Z,-0.2311,0.0203,0.2417,3.254389860774911,101.72953316093076,0.9622
2026-04-22T05:29:47.982Z,-0.7959,-0.2136,-0.1043,3.254389860774911,101.72953316093076,0.9622
2026-04-22T05:29:48.623Z,0.4342,-0.225,2.05,3.254392487002921,101.72954202058968,0.9908
2026-04-22T05:29:49.252Z,-0.0147,-0.5639,1.0918,3.254396128924748,101.729550571517,1.0122
2026-04-22T05:29:49.882Z,1.0702,-0.6372,0.7657,3.254396128924748,101.729550571517,1.0122
2026-04-22T05:29:50.511Z,-0.449,-0.4482,1.3203,3.2543999970110766,101.72955908865526,1.0395
2026-04-22T05:29:51.142Z,1.1993,-0.4565,-1.1554,3.254402862238615,101.72956689832348,0.9953
2026-04-22T05:29:51.783Z,-1.7571,0.0758,-1.0964,3.254402862238615,101.72956689832348,0.9953
2026-04-22T05:29:52.411Z,-0.5428,-0.1049,-0.5454,3.2544055364606352,101.72957594294458,1.005
2026-04-22T05:29:53.042Z,-0.3491,-0.3533,-1.8999,3.2544055364606352,101.72957594294458,1.005
2026-04-22T05:29:53.673Z,-0.4223,-0.5971,-0.9913,3.254407978577021,101.72958459726482,1.0091
2026-04-22T05:29:54.303Z,-0.7245,-0.2142,-1.5117,3.254411037048354,101.72959362917544,1.0097
2026-04-22T05:29:54.943Z,1.0261,-0.3394,0.2598,3.254411037048354,101.72959362917544,1.0097
2026-04-22T05:29:55.573Z,-0.2384,-1.1872,-2.4072,3.254413701046864,101.72960210578712,0.9703
2026-04-22T05:29:56.203Z,0.4335,-0.7684,0.0528,3.254416330382978,101.72961032009924,0.9592
2026-04-22T05:29:56.832Z,0.4576,-0.3327,-0.368,3.254416330382978,101.72961032009924,0.9592
2026-04-22T05:29:57.462Z,0.5223,0.0611,-1.4492,3.254419195605616,101.72962748060549,1.4855
2026-04-22T05:29:58.103Z,-0.0887,-0.041,-1.2712,3.254422836338182,101.72962865743646,1.0694
2026-04-22T05:29:58.732Z,-0.0912,0.1266,-1.3206,3.254422836338182,101.72962865743646,1.0694
2026-04-22T05:29:59.362Z,0.7921,0.0226,-1.3449,3.254425871152556,101.72963544358988,0.8266
2026-04-22T05:29:59.993Z,0.4907,0.4105,-1.9595,3.254425871152556,101.72963544358988,0.8266
2026-04-22T05:30:00.624Z,0.0965,0.0065,-1.2312,3.254427846947072,101.72964279061678,0.8136
2026-04-22T05:30:01.262Z,-0.7594,-0.7486,-0.4739,3.254430041610768,101.72964901304114,0.6576
2026-04-22T05:30:01.893Z,-0.0072,0.0096,-1.6579,3.254430041610768,101.72964901304114,0.6576
2026-04-22T05:30:02.524Z,1.0439,-0.9689,0.0208,3.2544323470581977,101.72965836907494,0.8016
2026-04-22T05:30:03.153Z,0.2622,-0.6942,-0.6581,3.2544321860370773,101.72966784665464,0.8768
2026-04-22T05:30:03.793Z,0.7087,-0.5531,0.0487,3.2544321860370773,101.72966784665464,0.8768
2026-04-22T05:30:04.424Z,0.1883,-0.1555,-1.3034,3.2544319879661243,101.72967865618163,0.907
2026-04-22T05:30:05.053Z,0.5575,-0.4139,-2.4316,3.2544319879661243,101.72967865618163,0.907
2026-04-22T05:30:05.682Z,0.5676,0.0861,-1.0982,3.2544249998478256,101.7296857620279,0.9243
2026-04-22T05:30:06.312Z,-0.6894,0.8445,-1.9711,3.254416555583145,101.7296910132,0.9529
2026-04-22T05:30:06.953Z,-0.4171,0.9555,-0.7247,3.254416555583145,101.7296910132,0.9529
2026-04-22T05:30:07.583Z,0.439,0.5246,-1.179,3.254407221936594,101.7297010325744,1.2191
2026-04-22T05:30:08.212Z,-0.0679,0.7043,-1.6413,3.2544009317426017,101.729705359176,1.0973
2026-04-22T05:30:08.843Z,0.2184,0.6038,-1.4931,3.2544009317426017,101.729705359176,1.0973
2026-04-22T05:30:09.473Z,-0.121,0.9868,-0.4445,3.254389207760572,101.72970598048626,1.0689
2026-04-22T05:30:10.114Z,1.0128,0.5984,-1.0366,3.254383466555669,101.72970936236212,0.8352
2026-04-22T05:30:10.743Z,0.2505,0.5089,-1.4983,3.254383466555669,101.72970936236212,0.8352
2026-04-22T05:30:11.373Z,-0.246,0.6972,-1.974,3.2543724968795185,101.72971558808912,0.909
2026-04-22T05:30:12.003Z,0.0001,0.5709,-1.3578,3.2543724968795185,101.72971558808912,0.909
2026-04-22T05:30:12.632Z,0.3673,0.847,-1.2925,3.2543650189507765,101.72971937660245,0.7758
2026-04-22T05:30:13.273Z,-0.2612,0.6057,-1.6298,3.2543581837606808,101.72972210965516,0.8075
2026-04-22T05:30:13.903Z,0.43,0.5027,-1.4123,3.2543581837606808,101.72972210965516,0.8075
2026-04-22T05:30:14.533Z,-0.324,1.3076,-0.9377,3.25435096201535,101.7297264205304,0.8151
2026-04-22T05:30:15.162Z,-0.1923,0.6939,-1.4522,3.2543415120621124,101.7297315410243,0.9414
2026-04-22T05:30:15.793Z,-0.5792,1.2063,-0.7871,3.2543415120621124,101.7297315410243,0.9414
2026-04-22T05:30:16.434Z,0.1744,0.4674,-0.8611,3.2543337213840364,101.7297360954448,0.9363
2026-04-22T05:30:17.062Z,0.3653,0.7046,0.2383,3.2543337213840364,101.7297360954448,0.9363
2026-04-22T05:30:17.693Z,0.4102,0.3832,0.3056,3.254331863018796,101.72973950793045,0.6668
2026-04-22T05:30:18.324Z,0.0242,0.6675,0.4257,3.2543255627008345,101.72974453386746,0.7355
2026-04-22T05:30:18.963Z,0.0435,0.6205,0.4507,3.2543255627008345,101.72974453386746,0.7355
2026-04-22T05:30:19.593Z,-0.2835,0.9845,0.5295,3.25431699923122,101.72975149794271,0.9541
2026-04-22T05:30:20.223Z,-0.2034,0.4951,-0.0216,3.2543101402876218,101.72975891241282,1.0
2026-04-22T05:30:20.853Z,0.5894,0.9451,0.0675,3.2543101402876218,101.72975891241282,1.0
2026-04-22T05:30:21.483Z,0.3357,0.8001,0.2619,3.2543026937680466,101.7297641334879,0.9923
2026-04-22T05:30:22.124Z,0.7486,0.3769,1.6858,3.2542944627879447,101.72976992163314,1.0041
2026-04-22T05:30:22.753Z,0.2545,0.2367,1.3339,3.2542944627879447,101.72976992163314,1.0041
2026-04-22T05:30:23.383Z,0.495,0.0908,1.7103,3.254284128381156,101.72977466715604,1.0686
2026-04-22T05:30:24.012Z,-0.3266,-0.05,1.8223,3.254284128381156,101.72977466715604,1.0686
2026-04-22T05:30:24.643Z,0.3951,0.1328,0.9954,3.2542748991077333,101.72977889623114,1.0774
2026-04-22T05:30:25.283Z,0.0144,0.0205,0.59,3.254268556564748,101.72978150701884,0.8839
2026-04-22T05:30:25.912Z,0.2648,0.4639,0.129,3.254268556564748,101.72978150701884,0.8839
2026-04-22T05:30:26.543Z,-0.1904,0.1511,0.3839,3.2542599889498027,101.72978616773858,0.9281
2026-04-22T05:30:27.174Z,-0.5032,0.3876,0.4046,3.254254252329964,101.72979031504713,0.8241
2026-04-22T05:30:27.803Z,0.4304,-0.0306,0.7541,3.254254252329964,101.72979031504713,0.8241
2026-04-22T05:30:28.445Z,-0.3668,0.3128,0.8992,3.25424592408,101.7297980435858,0.9195
2026-04-22T05:30:29.073Z,0.5909,-0.1233,1.2801,3.25424592408,101.7297980435858,0.9195
2026-04-22T05:30:29.704Z,-0.0901,0.7518,0.9827,3.2542380547327645,101.72980519033511,0.9339
2026-04-22T05:30:30.332Z,0.5103,0.5082,0.9096,3.254235471120299,101.72980814215909,0.6315
2026-04-22T05:30:30.973Z,0.1115,0.5023,0.9923,3.254235471120299,101.72980814215909,0.6315
2026-04-22T05:30:31.603Z,-0.0934,0.1508,0.2851,3.2542273142228773,101.72981479316388,0.784
2026-04-22T05:30:32.233Z,0.6661,0.5653,1.1218,3.254219582025446,101.72981976051234,0.8663
2026-04-22T05:30:32.863Z,0.03,-0.003,0.7819,3.254219582025446,101.72981976051234,0.8663
2026-04-22T05:30:33.493Z,0.354,0.2504,2.0671,3.2542117849015235,101.72982507003115,0.9076
2026-04-22T05:30:34.133Z,0.2122,-0.1651,0.4947,3.2542039891925243,101.72982948908786,0.941
2026-04-22T05:30:34.762Z,-0.0224,0.2176,1.6509,3.2542039891925243,101.72982948908786,0.941
2026-04-22T05:30:35.393Z,0.2044,0.1198,1.1751,3.254195992574835,101.7298358061011,0.9362
2026-04-22T05:30:36.023Z,0.2343,0.3069,2.9871,3.254195992574835,101.7298358061011,0.9362
2026-04-22T05:30:36.653Z,-0.3944,1.0355,0.2276,3.254190967452711,101.7298387600101,0.8747
2026-04-22T05:30:37.293Z,0.3555,0.7584,1.1044,3.254182448008491,101.72984348810752,0.8507
2026-04-22T05:30:37.923Z,-0.1053,0.2621,1.7038,3.254182448008491,101.72984348810752,0.8507
2026-04-22T05:30:38.554Z,1.0499,0.3881,1.3654,3.254172833301895,101.72984906501928,0.9645
2026-04-22T05:30:39.183Z,-0.0801,-0.27,1.5911,3.254167723126373,101.72984909399172,0.7369
2026-04-22T05:30:39.812Z,-0.4779,0.162,1.2201,3.254167723126373,101.72984909399172,0.7369
2026-04-22T05:30:40.455Z,-0.8789,0.1983,0.8848,3.2541568184450465,101.72985417202057,0.9282
2026-04-22T05:30:41.084Z,-0.5197,-0.2872,1.29,3.2541568184450465,101.72985417202057,0.9282
2026-04-22T05:30:41.712Z,-0.8661,-0.6921,0.8902,3.254143989544998,101.72985859119362,1.1327
2026-04-22T05:30:42.344Z,-0.5633,-0.461,1.4042,3.2541334480290964,101.72986201044812,1.1843
2026-04-22T05:30:42.973Z,-2.1249,-0.4111,0.75,3.2541334480290964,101.72986201044812,1.1843
2026-04-22T05:30:43.614Z,0.9562,-1.3274,1.4349,3.254125591824788,101.72986266073876,1.1919
2026-04-22T05:30:44.244Z,1.1397,-1.1776,1.1684,3.2541203537510013,101.72986298773452,0.9875
2026-04-22T05:30:44.874Z,0.4935,-0.3285,-1.7138,3.2541203537510013,101.72986298773452,0.9875
2026-04-22T05:30:45.503Z,-0.8172,-0.3272,-1.3986,3.254111853390943,101.7298651560944,0.9619
2026-04-22T05:30:46.145Z,-0.3563,-0.3748,-0.5752,3.254103403671076,101.72986907975104,0.9075
2026-04-22T05:30:46.774Z,-1.1252,-0.0989,-2.5945,3.254103403671076,101.72986907975104,0.9075
2026-04-22T05:30:47.404Z,-0.0522,-0.3761,-1.1127,3.2540938137630504,101.72987099708898,1.0183
2026-04-22T05:30:48.033Z,0.1053,-0.0981,-1.0073,3.2540938137630504,101.72987099708898,1.0183
2026-04-22T05:30:48.663Z,1.2979,-0.3437,-0.912,3.2540856495375765,101.72987007728068,0.9035
2026-04-22T05:30:49.304Z,-0.8182,0.586,-0.8976,3.254070097731925,101.729870430309,1.3423
2026-04-22T05:30:49.933Z,0.0149,0.8954,-1.5138,3.254070097731925,101.729870430309,1.3423
2026-04-22T05:30:50.564Z,-0.2163,0.8462,-1.826,3.2540649028366184,101.72986765945733,1.1323
2026-04-22T05:30:51.194Z,0.014,0.3639,-1.5238,3.2540582442966395,101.7298696474813,1.0361
2026-04-22T05:30:51.824Z,0.804,0.5141,1.1878,3.2540582442966395,101.7298696474813,1.0361
2026-04-22T05:30:52.465Z,0.6229,0.1068,-0.1732,3.2540488177243705,101.72986939514446,1.0881
2026-04-22T05:30:53.094Z,1.5394,-0.164,1.9512,3.254041138462909,101.72986869784188,1.0363
2026-04-22T05:30:53.724Z,-0.1503,-0.2589,2.3995,3.254041138462909,101.72986869784188,1.0363
2026-04-22T05:30:54.354Z,0.0088,-0.0275,1.0694,3.25403251102596,101.7298672510699,1.0132
2026-04-22T05:30:54.985Z,0.2198,-0.1726,0.4747,3.25403251102596,101.7298672510699,1.0132
2026-04-22T05:30:55.624Z,-0.1809,0.2085,0.7138,3.254023108468704,101.72986384847592,1.0625
2026-04-22T05:30:56.254Z,-0.4455,-0.06,0.9783,3.2540135730777093,101.72986262448944,1.0584
2026-04-22T05:30:56.883Z,-0.8572,-0.6173,-0.1067,3.2540135730777093,101.72986262448944,1.0584
2026-04-22T05:30:57.513Z,-0.4104,0.4383,0.398,3.254004890083238,101.72986367981866,0.9802
2026-04-22T05:30:58.143Z,0.0318,-0.7458,0.7495,3.25399598258258,101.7298645817981,0.9891
2026-04-22T05:30:58.783Z,-0.3929,-0.509,2.337,3.25399598258258,101.7298645817981,0.9891
2026-04-22T05:30:59.413Z,0.851,-1.2835,1.8427,3.25398749701366,101.72986184769746,0.9787
2026-04-22T05:31:00.045Z,-0.0196,-1.1701,1.5603,3.25398749701366,101.72986184769746,0.9787
2026-04-22T05:31:00.675Z,0.5204,-0.9319,-0.1558,3.2539779376729614,101.72986001358984,1.0301
2026-04-22T05:31:01.314Z,0.4668,-0.5599,-1.0211,3.253969739083205,101.7298567730448,1.0166
2026-04-22T05:31:01.944Z,0.786,-0.3133,-1.5897,3.253969739083205,101.7298567730448,1.0166
2026-04-22T05:31:02.574Z,-0.6106,-0.5092,-1.7896,3.2539626785780458,101.72985282370968,0.9674
2026-04-22T05:31:03.205Z,0.3587,-0.0648,0.6195,3.2539528720692767,101.729850048736,1.0436
2026-04-22T05:31:03.833Z,0.048,-0.2525,-1.6937,3.2539528720692767,101.729850048736,1.0436
2026-04-22T05:31:04.474Z,0.5249,0.5956,-1.309,3.2539456389908747,101.72984516725953,0.9968
2026-04-22T05:31:05.104Z,0.0601,0.0195,-2.0575,3.253935740147139,101.72984145959737,1.1016
2026-04-22T05:31:05.734Z,-0.0627,0.4752,-1.5599,3.253935740147139,101.72984145959737,1.1016
2026-04-22T05:31:06.363Z,0.0465,0.4238,-1.3269,3.2539265353451685,101.729838154257,1.0717
2026-04-22T05:31:06.994Z,-0.3691,0.9379,-1.8722,3.2539265353451685,101.729838154257,1.0717
2026-04-22T05:31:07.633Z,-0.321,1.1082,-0.5107,3.253919242609828,101.72983479959022,0.9784
2026-04-22T05:31:08.263Z,0.1045,0.563,-0.254,3.2539101235879566,101.72982976659966,1.0348
2026-04-22T05:31:08.896Z,0.0265,0.8439,0.613,3.2539101235879566,101.72982976659966,1.0348
2026-04-22T05:31:09.524Z,1.1176,0.1909,0.8732,3.2539027454066467,101.72982601031464,0.9601
2026-04-22T05:31:10.154Z,0.3496,0.2825,1.4531,3.2538928609031186,101.72982336762696,1.0023
2026-04-22T05:31:10.796Z,0.2314,0.2839,1.1174,3.2538928609031186,101.72982336762696,1.0023
2026-04-22T05:31:11.424Z,0.1533,0.236,2.204,3.253883632729404,101.72982068910726,0.9858
2026-04-22T05:31:12.055Z,0.5253,-0.3192,0.5319,3.253883632729404,101.72982068910726,0.9858
2026-04-22T05:31:12.684Z,-0.6352,0.1786,-0.6768,3.2538746489694965,101.7298163575839,1.0227
2026-04-22T05:31:13.314Z,-0.7969,-0.0284,1.1915,3.2538666413442545,101.72981474405611,0.9437
2026-04-22T05:31:13.955Z,0.7756,-1.1707,1.6057,3.2538666413442545,101.72981474405611,0.9437
2026-04-22T05:31:14.584Z,-1.5542,-0.9511,0.6557,3.253857189627966,101.72981409500508,0.9428
2026-04-22T05:31:15.213Z,1.4972,-1.5191,2.7045,3.2538514979558,101.72981071762364,0.8396
2026-04-22T05:31:15.844Z,1.0785,-1.2222,3.2453,3.2538514979558,101.72981071762364,0.8396
2026-04-22T05:31:16.484Z,1.514,-1.1899,-0.4485,3.253842595769182,101.7298071993058,0.9334
2026-04-22T05:31:17.113Z,0.1516,-1.4629,2.0091,3.2538345412142253,101.72980292960702,0.9563
2026-04-22T05:31:17.744Z,1.557,-0.8309,-1.7496,3.2538345412142253,101.72980292960702,0.9563
2026-04-22T05:31:18.374Z,-0.6923,-0.5621,-0.512,3.25382216596536,101.72980142439546,1.0694
2026-04-22T05:31:19.004Z,-0.5256,-0.1636,-0.6881,3.25382216596536,101.72980142439546,1.0694
2026-04-22T05:31:19.645Z,-2.0098,-0.2487,-1.9254,3.2538112725180306,101.72979805822412,1.0396
2026-04-22T05:31:20.274Z,0.4233,-0.4537,-1.6118,3.2538017930256338,101.72979701477274,0.9001
2026-04-22T05:31:20.904Z,-0.8558,-0.3938,-3.1091,3.2538017930256338,101.72979701477274,0.9001
2026-04-22T05:31:21.534Z,0.8861,-2.4357,-0.8815,3.2537935826921656,101.7297957892074,0.8285
2026-04-22T05:31:22.163Z,-1.7377,-0.1043,0.705,3.2537860728095485,101.72979533333314,0.7885
2026-04-22T05:31:22.806Z,0.2313,-0.916,3.1878,3.2537860728095485,101.72979533333314,0.7885
2026-04-22T05:31:23.434Z,-1.2345,-0.9468,1.6975,3.2537845941582533,101.72979279180568,0.5227
2026-04-22T05:31:24.064Z,-0.1695,-1.1844,2.5789,3.2537845941582533,101.72979279180568,0.5227
2026-04-22T05:31:24.694Z,-0.6326,-0.3979,0.3928,3.253776832515124,101.7297918366972,0.6216
2026-04-22T05:31:25.325Z,0.6008,-0.413,0.4888,3.2537715680366466,101.72980220079924,0.4351
2026-04-22T05:31:25.964Z,-0.9613,0.2653,1.3782,3.2537715680366466,101.72980220079924,0.4351
2026-04-22T05:31:26.593Z,-0.0929,-0.327,2.2936,3.253760353631189,101.72980654348532,0.695
2026-04-22T05:31:27.225Z,-1.2284,0.8507,1.638,3.253744012683123,101.72981131259174,0.8294
2026-04-22T05:31:27.854Z,0.5341,0.1284,0.2333,3.253744012683123,101.72981131259174,0.8294
2026-04-22T05:31:28.484Z,0.0649,-0.0634,1.1776,3.253731027697176,101.7298125086339,0.8752
2026-04-22T05:31:29.124Z,-2.6493,-0.5142,1.0663,3.2537287813305187,101.72981057330124,0.434
2026-04-22T05:31:29.754Z,-0.2717,-0.3607,0.6769,3.2537287813305187,101.72981057330124,0.434
2026-04-22T05:31:30.384Z,0.2485,0.245,2.5511,3.2537181884248123,101.72980989973328,0.4508
2026-04-22T05:31:31.013Z,-0.1448,-0.4321,1.9275,3.2537181884248123,101.72980989973328,0.4508
2026-04-22T05:31:31.654Z,-0.608,0.0878,2.6916,3.253703014108455,101.72980640287446,0.7355
2026-04-22T05:31:32.284Z,0.5274,-0.1844,1.8265,3.253689374524278,101.72980278851112,0.8326
2026-04-22T05:31:32.913Z,0.8655,-0.2408,1.872,3.253689374524278,101.72980278851112,0.8326
2026-04-22T05:31:33.545Z,-0.398,-0.4573,1.1448,3.2536803341809715,101.72979854163084,0.7093
2026-04-22T05:31:34.175Z,0.7056,0.4598,2.7053,3.2536714923663776,101.72979713270551,0.6604
2026-04-22T05:31:34.817Z,0.4499,-0.3885,1.0475,3.2536714923663776,101.72979713270551,0.6604
2026-04-22T05:31:35.444Z,-1.6081,1.8778,1.213,3.2536628128956724,101.7297965220114,0.6624
2026-04-22T05:31:36.074Z,-1.9262,0.7899,0.6053,3.2536628128956724,101.7297965220114,0.6624
2026-04-22T05:31:36.705Z,0.6083,0.3396,0.0592,3.253655286292678,101.72980077567692,0.4521
2026-04-22T05:31:37.334Z,-1.7102,-0.0873,-2.0693,3.253641039973779,101.72980955816928,0.7128
2026-04-22T05:31:37.975Z,-0.8645,1.0955,1.1162,3.253641039973779,101.72980955816928,0.7128
2026-04-22T05:31:38.604Z,0.3681,-0.5561,0.1582,3.253630924836345,101.72981156183393,0.6911
2026-04-22T05:31:39.234Z,0.0966,1.1803,1.9873,3.253624680148226,101.72981043637952,0.479
2026-04-22T05:31:39.864Z,-0.4178,0.2189,-0.6496,3.253624680148226,101.72981043637952,0.479
2026-04-22T05:31:40.495Z,1.7603,0.5369,3.5639,3.25361694667921,101.7298021850144,0.4404
2026-04-22T05:31:41.134Z,0.8812,-0.3357,2.8452,3.2535989903228084,101.72979214170763,1.0469
2026-04-22T05:31:41.764Z,0.592,0.4916,2.1648,3.2535989903228084,101.72979214170763,1.0469
2026-04-22T05:31:42.395Z,-3.1776,0.9539,2.2495,3.2535900366722097,101.72977977335368,1.1338
2026-04-22T05:31:43.025Z,0.0972,0.6145,1.1251,3.2535900366722097,101.72977977335368,1.1338
2026-04-22T05:31:43.664Z,-0.6168,0.54,-2.2802,3.253574057729504,101.72978143010576,1.2649
